line_circle,line_descr,line_descr_eng,line_id,remarks,sdc_code,sdd_aa,sdd_code,sdd_kp1,sdd_kp2,sdd_line1,sdd_line2,sdd_sort,sdd_start1,sde_end1,sde_end2,sde_start1,sde_start2,sds_code
1,ΕΥΓΕΝΕΙΑ-ΧΑΡΑΥΓΗ-ΠΕΙΡΑΙΑΣ Α (ΚΥΚΛΙΚΗ),EYGENEIA-CHARAYGI-PEIRAIAS A,832,,54,,,,,,,,,1900-01-01 05:55:00,,1900-01-01 05:15:00,,3416
1,ΕΥΓΕΝΕΙΑ-ΧΑΡΑΥΓΗ-ΠΕΙΡΑΙΑΣ Α (ΚΥΚΛΙΚΗ),EYGENEIA-CHARAYGI-PEIRAIAS A,832,,54,,,,,,,,,1900-01-01 06:30:00,,1900-01-01 05:45:00,,3411
1,ΕΥΓΕΝΕΙΑ-ΧΑΡΑΥΓΗ-ΠΕΙΡΑΙΑΣ Α (ΚΥΚΛΙΚΗ),EYGENEIA-CHARAYGI-PEIRAIAS A,832,,54,,,,,,,,,1900-01-01 07:01:00,,1900-01-01 06:15:00,,3412
1,ΕΥΓΕΝΕΙΑ-ΧΑΡΑΥΓΗ-ΠΕΙΡΑΙΑΣ Α (ΚΥΚΛΙΚΗ),EYGENEIA-CHARAYGI-PEIRAIAS A,832,,54,,,,,,,,,1900-01-01 07:35:00,,1900-01-01 06:40:00,,3413
1,ΕΥΓΕΝΕΙΑ-ΧΑΡΑΥΓΗ-ΠΕΙΡΑΙΑΣ Α (ΚΥΚΛΙΚΗ),EYGENEIA-CHARAYGI-PEIRAIAS A,832,,54,,,,,,,,,1900-01-01 08:00:00,,1900-01-01 07:05:00,,3412
1,ΕΥΓΕΝΕΙΑ-ΧΑΡΑΥΓΗ-ΠΕΙΡΑΙΑΣ Α (ΚΥΚΛΙΚΗ),EYGENEIA-CHARAYGI-PEIRAIAS A,832,,54,,,,,,,,,1900-01-01 08:24:00,,1900-01-01 07:25:00,,3411
1,ΕΥΓΕΝΕΙΑ-ΧΑΡΑΥΓΗ-ΠΕΙΡΑΙΑΣ Α (ΚΥΚΛΙΚΗ),EYGENEIA-CHARAYGI-PEIRAIAS A,832,,54,,,,,,,,,1900-01-01 08:50:00,,1900-01-01 07:50:00,,3416
1,ΕΥΓΕΝΕΙΑ-ΧΑΡΑΥΓΗ-ΠΕΙΡΑΙΑΣ Α (ΚΥΚΛΙΚΗ),EYGENEIA-CHARAYGI-PEIRAIAS A,832,,54,,,,,,,,,1900-01-01 09:15:00,,1900-01-01 08:15:00,,3414
1,ΕΥΓΕΝΕΙΑ-ΧΑΡΑΥΓΗ-ΠΕΙΡΑΙΑΣ Α (ΚΥΚΛΙΚΗ),EYGENEIA-CHARAYGI-PEIRAIAS A,832,,54,,,,,,,,,1900-01-01 09:40:00,,1900-01-01 08:40:00,,3413
1,ΕΥΓΕΝΕΙΑ-ΧΑΡΑΥΓΗ-ΠΕΙΡΑΙΑΣ Α (ΚΥΚΛΙΚΗ),EYGENEIA-CHARAYGI-PEIRAIAS A,832,,54,,,,,,,,,1900-01-01 10:00:00,,1900-01-01 09:00:00,,3415
1,ΕΥΓΕΝΕΙΑ-ΧΑΡΑΥΓΗ-ΠΕΙΡΑΙΑΣ Α (ΚΥΚΛΙΚΗ),EYGENEIA-CHARAYGI-PEIRAIAS A,832,,54,,,,,,,,,1900-01-01 10:25:00,,1900-01-01 09:25:00,,3412
1,ΕΥΓΕΝΕΙΑ-ΧΑΡΑΥΓΗ-ΠΕΙΡΑΙΑΣ Α (ΚΥΚΛΙΚΗ),EYGENEIA-CHARAYGI-PEIRAIAS A,832,,54,,,,,,,,,1900-01-01 10:55:00,,1900-01-01 09:55:00,,3411
1,ΕΥΓΕΝΕΙΑ-ΧΑΡΑΥΓΗ-ΠΕΙΡΑΙΑΣ Α (ΚΥΚΛΙΚΗ),EYGENEIA-CHARAYGI-PEIRAIAS A,832,,54,,,,,,,,,1900-01-01 11:20:00,,1900-01-01 10:20:00,,3414
1,ΕΥΓΕΝΕΙΑ-ΧΑΡΑΥΓΗ-ΠΕΙΡΑΙΑΣ Α (ΚΥΚΛΙΚΗ),EYGENEIA-CHARAYGI-PEIRAIAS A,832,,54,,,,,,,,,1900-01-01 11:55:00,,1900-01-01 10:55:00,,3411
1,ΕΥΓΕΝΕΙΑ-ΧΑΡΑΥΓΗ-ΠΕΙΡΑΙΑΣ Α (ΚΥΚΛΙΚΗ),EYGENEIA-CHARAYGI-PEIRAIAS A,832,,54,,,,,,,,,1900-01-01 12:25:00,,1900-01-01 11:25:00,,3415
1,ΕΥΓΕΝΕΙΑ-ΧΑΡΑΥΓΗ-ΠΕΙΡΑΙΑΣ Α (ΚΥΚΛΙΚΗ),EYGENEIA-CHARAYGI-PEIRAIAS A,832,,54,,,,,,,,,1900-01-01 12:50:00,,1900-01-01 11:50:00,,3414
1,ΕΥΓΕΝΕΙΑ-ΧΑΡΑΥΓΗ-ΠΕΙΡΑΙΑΣ Α (ΚΥΚΛΙΚΗ),EYGENEIA-CHARAYGI-PEIRAIAS A,832,,54,,,,,,,,,1900-01-01 13:15:00,,1900-01-01 12:15:00,,3413
1,ΕΥΓΕΝΕΙΑ-ΧΑΡΑΥΓΗ-ΠΕΙΡΑΙΑΣ Α (ΚΥΚΛΙΚΗ),EYGENEIA-CHARAYGI-PEIRAIAS A,832,,54,,,,,,,,,1900-01-01 13:40:00,,1900-01-01 12:40:00,,3412
1,ΕΥΓΕΝΕΙΑ-ΧΑΡΑΥΓΗ-ΠΕΙΡΑΙΑΣ Α (ΚΥΚΛΙΚΗ),EYGENEIA-CHARAYGI-PEIRAIAS A,832,,54,,,,,,,,,1900-01-01 14:00:00,,1900-01-01 13:00:00,,3411
1,ΕΥΓΕΝΕΙΑ-ΧΑΡΑΥΓΗ-ΠΕΙΡΑΙΑΣ Α (ΚΥΚΛΙΚΗ),EYGENEIA-CHARAYGI-PEIRAIAS A,832,,54,,,,,,,,,1900-01-01 14:25:00,,1900-01-01 13:25:00,,3415
1,ΕΥΓΕΝΕΙΑ-ΧΑΡΑΥΓΗ-ΠΕΙΡΑΙΑΣ Α (ΚΥΚΛΙΚΗ),EYGENEIA-CHARAYGI-PEIRAIAS A,832,,54,,,,,,,,,1900-01-01 14:55:00,,1900-01-01 13:55:00,,3414
1,ΕΥΓΕΝΕΙΑ-ΧΑΡΑΥΓΗ-ΠΕΙΡΑΙΑΣ Α (ΚΥΚΛΙΚΗ),EYGENEIA-CHARAYGI-PEIRAIAS A,832,,54,,,,,,,,,1900-01-01 14:55:00,,1900-01-01 13:55:00,,3414
1,ΕΥΓΕΝΕΙΑ-ΧΑΡΑΥΓΗ-ΠΕΙΡΑΙΑΣ Α (ΚΥΚΛΙΚΗ),EYGENEIA-CHARAYGI-PEIRAIAS A,832,,54,,,,,,,,,1900-01-01 15:20:00,,1900-01-01 14:20:00,,3413
1,ΕΥΓΕΝΕΙΑ-ΧΑΡΑΥΓΗ-ΠΕΙΡΑΙΑΣ Α (ΚΥΚΛΙΚΗ),EYGENEIA-CHARAYGI-PEIRAIAS A,832,,54,,,,,,,,,1900-01-01 15:45:00,,1900-01-01 14:45:00,,3412
1,ΕΥΓΕΝΕΙΑ-ΧΑΡΑΥΓΗ-ΠΕΙΡΑΙΑΣ Α (ΚΥΚΛΙΚΗ),EYGENEIA-CHARAYGI-PEIRAIAS A,832,,54,,,,,,,,,1900-01-01 16:10:00,,1900-01-01 15:10:00,,3411
1,ΕΥΓΕΝΕΙΑ-ΧΑΡΑΥΓΗ-ΠΕΙΡΑΙΑΣ Α (ΚΥΚΛΙΚΗ),EYGENEIA-CHARAYGI-PEIRAIAS A,832,,54,,,,,,,,,1900-01-01 16:35:00,,1900-01-01 15:35:00,,3415
1,ΕΥΓΕΝΕΙΑ-ΧΑΡΑΥΓΗ-ΠΕΙΡΑΙΑΣ Α (ΚΥΚΛΙΚΗ),EYGENEIA-CHARAYGI-PEIRAIAS A,832,,54,,,,,,,,,1900-01-01 16:35:00,,1900-01-01 15:35:00,,3415
1,ΕΥΓΕΝΕΙΑ-ΧΑΡΑΥΓΗ-ΠΕΙΡΑΙΑΣ Α (ΚΥΚΛΙΚΗ),EYGENEIA-CHARAYGI-PEIRAIAS A,832,,54,,,,,,,,,1900-01-01 17:00:00,,1900-01-01 16:00:00,,3414
1,ΕΥΓΕΝΕΙΑ-ΧΑΡΑΥΓΗ-ΠΕΙΡΑΙΑΣ Α (ΚΥΚΛΙΚΗ),EYGENEIA-CHARAYGI-PEIRAIAS A,832,,54,,,,,,,,,1900-01-01 17:00:00,,1900-01-01 16:00:00,,3414
1,ΕΥΓΕΝΕΙΑ-ΧΑΡΑΥΓΗ-ΠΕΙΡΑΙΑΣ Α (ΚΥΚΛΙΚΗ),EYGENEIA-CHARAYGI-PEIRAIAS A,832,,54,,,,,,,,,1900-01-01 17:25:00,,1900-01-01 16:25:00,,3413
1,ΕΥΓΕΝΕΙΑ-ΧΑΡΑΥΓΗ-ΠΕΙΡΑΙΑΣ Α (ΚΥΚΛΙΚΗ),EYGENEIA-CHARAYGI-PEIRAIAS A,832,,54,,,,,,,,,1900-01-01 17:55:00,,1900-01-01 16:55:00,,3412
1,ΕΥΓΕΝΕΙΑ-ΧΑΡΑΥΓΗ-ΠΕΙΡΑΙΑΣ Α (ΚΥΚΛΙΚΗ),EYGENEIA-CHARAYGI-PEIRAIAS A,832,,54,,,,,,,,,1900-01-01 18:25:00,,1900-01-01 17:25:00,,3413
1,ΕΥΓΕΝΕΙΑ-ΧΑΡΑΥΓΗ-ΠΕΙΡΑΙΑΣ Α (ΚΥΚΛΙΚΗ),EYGENEIA-CHARAYGI-PEIRAIAS A,832,,54,,,,,,,,,1900-01-01 18:55:00,,1900-01-01 17:55:00,,3415
1,ΕΥΓΕΝΕΙΑ-ΧΑΡΑΥΓΗ-ΠΕΙΡΑΙΑΣ Α (ΚΥΚΛΙΚΗ),EYGENEIA-CHARAYGI-PEIRAIAS A,832,,54,,,,,,,,,1900-01-01 19:25:00,,1900-01-01 18:25:00,,3412
1,ΕΥΓΕΝΕΙΑ-ΧΑΡΑΥΓΗ-ΠΕΙΡΑΙΑΣ Α (ΚΥΚΛΙΚΗ),EYGENEIA-CHARAYGI-PEIRAIAS A,832,,54,,,,,,,,,1900-01-01 20:00:00,,1900-01-01 19:00:00,,3413
1,ΕΥΓΕΝΕΙΑ-ΧΑΡΑΥΓΗ-ΠΕΙΡΑΙΑΣ Α (ΚΥΚΛΙΚΗ),EYGENEIA-CHARAYGI-PEIRAIAS A,832,,54,,,,,,,,,1900-01-01 20:34:00,,1900-01-01 19:40:00,,3414
1,ΕΥΓΕΝΕΙΑ-ΧΑΡΑΥΓΗ-ΠΕΙΡΑΙΑΣ Α (ΚΥΚΛΙΚΗ),EYGENEIA-CHARAYGI-PEIRAIAS A,832,,54,,,,,,,,,1900-01-01 21:10:00,,1900-01-01 20:20:00,,3415
1,ΕΥΓΕΝΕΙΑ-ΧΑΡΑΥΓΗ-ΠΕΙΡΑΙΑΣ Α (ΚΥΚΛΙΚΗ),EYGENEIA-CHARAYGI-PEIRAIAS A,832,,54,,,,,,,,,1900-01-01 22:00:00,,1900-01-01 21:10:00,,3415
1,ΕΥΓΕΝΕΙΑ-ΧΑΡΑΥΓΗ-ΠΕΙΡΑΙΑΣ Α (ΚΥΚΛΙΚΗ),EYGENEIA-CHARAYGI-PEIRAIAS A,832,,54,,,,,,,,,1900-01-01 22:45:00,,1900-01-01 22:00:00,,3415
1,ΕΥΓΕΝΕΙΑ-ΧΑΡΑΥΓΗ-ΠΕΙΡΑΙΑΣ Α (ΚΥΚΛΙΚΗ),EYGENEIA-CHARAYGI-PEIRAIAS A,832,,54,,,,,,,,,1900-01-01 23:30:00,,1900-01-01 22:45:00,,3415
